Dirk	14.08.2015 23:16:58	 
Bernard	14.08.2015 23:16:58	 
Bernard	14.08.2015 23:17:28	 
Dirk	14.08.2015 23:17:45	 
Bernard	14.08.2015 23:17:51	 
Bernard	14.08.2015 23:17:57	 
Dirk	14.08.2015 23:18:35	 
Murderface	15.08.2015 01:21:13	 
Dirk	15.08.2015 11:12:36	 
Dirk	15.08.2015 11:12:39	 
Dirk	15.08.2015 18:36:31	 
Dirk	15.08.2015 19:29:22	 
Dirk	15.08.2015 19:29:28	 
Dirk	15.08.2015 19:29:28	 
Dirk	16.08.2015 15:19:50	 
Bernard	16.08.2015 15:34:17	 
Bernard	16.08.2015 15:34:25	 
Murderface	16.08.2015 15:44:55	 
Dirk	16.08.2015 15:45:34	 
Murderface	16.08.2015 15:46:55	 
Bernard	16.08.2015 16:34:30	 
Lanaaaa	16.08.2015 16:34:35	 
Bernard	16.08.2015 16:34:50	 
Bernard	16.08.2015 16:35:21	 
Dirk	16.08.2015 16:35:46	 
Bernard	16.08.2015 16:36:06	 
Murderface	16.08.2015 16:40:42	 
Bernard	16.08.2015 17:56:20	 
Deedee	17.08.2015 11:54:00	 
Prince	17.08.2015 12:16:14	 
Prince	17.08.2015 12:16:29	 
Dirk	17.08.2015 12:18:30	 
Dirk	17.08.2015 12:18:39	 
Prince	17.08.2015 12:21:50	 
Bernard	17.08.2015 12:26:08	 
Dirk	17.08.2015 12:26:29	 
Bernard	17.08.2015 12:26:33	 
Stache	17.08.2015 13:59:15	 
Stache	17.08.2015 13:59:37	 
Prince	17.08.2015 17:33:11	 
Lanaaaa	17.08.2015 17:48:53	 
Prince	17.08.2015 18:04:45	 
DELETED	17.08.2015 18:42:21	 
Murderface	17.08.2015 18:52:32	 
Roxo	17.08.2015 20:21:05	 
Roxo	17.08.2015 20:21:14	 
Hugh	17.08.2015 20:43:42	 
Roxo	17.08.2015 21:08:36	 
Bernard	17.08.2015 21:10:56	 
Roxo	17.08.2015 21:11:04	 
Bernard	17.08.2015 21:11:07	 
Bernard	17.08.2015 21:11:39	 
Roxo	17.08.2015 21:29:12	 
Roxo	17.08.2015 21:29:17	 
Prince	17.08.2015 21:37:56	 
Prince	17.08.2015 21:38:08	 
DELETED	17.08.2015 23:11:11	 
DELETED	17.08.2015 23:11:29	 
DELETED	17.08.2015 23:12:10	 
Deedee	18.08.2015 00:48:46	 
Prince	18.08.2015 08:42:47	 
Yoko	18.08.2015 09:05:02	 
Prince	18.08.2015 09:11:07	 
Stache	18.08.2015 09:49:47	 
Stache	18.08.2015 09:50:36	 
Prince	18.08.2015 10:15:49	 
DELETED	18.08.2015 10:40:33	 
DELETED	18.08.2015 10:40:41	 
Yoko	18.08.2015 10:40:51	 
Bernard	18.08.2015 10:43:26	 
Bernard	18.08.2015 10:43:45	 
Prince	18.08.2015 10:43:59	 
Bernard	18.08.2015 10:49:17	 
Dirk	18.08.2015 10:54:02	 
Bernard	18.08.2015 11:06:09	 
Bernard	18.08.2015 11:06:37	 
Prince	18.08.2015 11:43:27	 
Dirk	18.08.2015 11:45:43	 
Bernard	18.08.2015 12:02:17	 
Yoko	18.08.2015 12:10:54	 
Dirk	18.08.2015 12:18:12	 
Prince	18.08.2015 12:23:19	 
DELETED	18.08.2015 13:34:40	 
Hugh	18.08.2015 13:38:58	 
DELETED	18.08.2015 13:39:58	 
Hugh	18.08.2015 13:40:11	 
DELETED	18.08.2015 13:40:28	 
Hugh	18.08.2015 13:40:37	 
DELETED	18.08.2015 14:22:56	 
Dirk	18.08.2015 14:35:08	 
Dirk	18.08.2015 14:36:28	 
Dirk	18.08.2015 14:37:14	 
Prince	18.08.2015 17:07:02	 
Prince	18.08.2015 17:07:07	 
Bernard	18.08.2015 17:14:46	 
Bernard	18.08.2015 17:14:54	 
Bernard	18.08.2015 17:15:05	 
Hugh	18.08.2015 17:29:11	 
Yoko	18.08.2015 17:29:21	 
Yoko	18.08.2015 17:29:46	 
Hugh	18.08.2015 17:31:08	 
Prince	18.08.2015 17:34:18	 
Prince	18.08.2015 17:38:13	 
Bernard	18.08.2015 18:05:06	 
Bernard	18.08.2015 18:05:14	 
Prince	18.08.2015 18:06:23	 
Prince	18.08.2015 18:06:35	 
Prince	18.08.2015 19:12:25	 
Yoko	18.08.2015 21:37:23	 
Yoko	18.08.2015 21:41:48	 
Stache	18.08.2015 23:27:17	 
DELETED	19.08.2015 15:38:17	 
Roxo	19.08.2015 16:44:29	 
Prince	19.08.2015 16:45:39	 
Murderface	19.08.2015 16:45:59	 
Murderface	19.08.2015 16:46:20	 
Bernard	19.08.2015 16:46:20	 
Hugh	19.08.2015 16:46:26	 
Murderface	19.08.2015 16:58:47	 
Hugh	19.08.2015 17:00:31	 
Roxo	19.08.2015 18:16:49	 
Dirk	19.08.2015 20:04:16	 
Dirk	19.08.2015 22:29:34	 
Prince	19.08.2015 22:42:59	 
Dirk	19.08.2015 22:46:29	 
DELETED	20.08.2015 00:04:40	 
Murderface	20.08.2015 01:00:09	 
DELETED	20.08.2015 08:37:32	 
Scheissmeister	20.08.2015 15:54:12	 
Hugh	20.08.2015 16:32:52	 
Murderface	20.08.2015 16:33:23	 
Scheissmeister	20.08.2015 18:04:56	 
DELETED	20.08.2015 18:24:30	 
DELETED	20.08.2015 18:24:45	 
Scheissmeister	20.08.2015 18:25:03	 
DELETED	20.08.2015 18:46:55	 
DELETED	20.08.2015 18:47:58	 
DELETED	20.08.2015 18:53:04	 
DELETED	20.08.2015 18:56:40	 
Bernard	20.08.2015 19:07:13	 
Downa	20.08.2015 21:37:28	 
Bernard	20.08.2015 21:56:03	 
Bernard	20.08.2015 21:56:21	 
Hugh	21.08.2015 07:52:55	 
Prince	21.08.2015 09:58:28	 
Scheissmeister	21.08.2015 10:58:30	 
Scheissmeister	21.08.2015 11:00:07	 
Yoko	21.08.2015 11:03:03	 
Scheissmeister	21.08.2015 11:03:45	 
Scheissmeister	21.08.2015 11:04:36	 
Bernard	21.08.2015 11:04:57	 
Yoko	21.08.2015 11:05:17	 
Bernard	21.08.2015 11:05:17	 
Bernard	21.08.2015 11:05:25	 
Scheissmeister	21.08.2015 11:05:32	 
Scheissmeister	21.08.2015 11:06:06	 
Bernard	21.08.2015 11:06:17	 
Bernard	21.08.2015 11:06:36	 
Bernard	21.08.2015 11:06:38	 
Bernard	21.08.2015 12:46:11	 
Scheissmeister	21.08.2015 12:46:39	 
Hugh	21.08.2015 13:28:59	 
Prince	21.08.2015 14:21:05	 
Stache	21.08.2015 14:48:20	 
Housecat	21.08.2015 16:41:55	 
Prince	21.08.2015 18:05:35	 
Housecat	21.08.2015 18:32:17	 